x,y,hate,y
a55,-100,"uncivilised',",-10
a55hole,-100,"'gypo',",-10
aeolus,-100,"'gypos',",-10
ahole,-100,"'cunt',",-10
anal,-100,"'cunts',",-10
analprobe,-100,"'peckerwood',",-10
anilingus,-100,"'peckerwoods',",-10
anus,-100,"'raghead',",-10
areola,-100,"'ragheads',",-10
areole,-100,"'cripple',",-10
arian,-100,"'cripples',",-10
aryan,-100,"'niggur',",-10
ass,-100,"'niggurs',",-10
assbang,-100,"'yellow bone',",-10
assbanged,-100,"'yellow bones',",-10
assbangs,-100,"'muzzie',",-10
asses,-100,"'muzzies',",-10
assfuck,-100,"'niggar',",-10
assfucker,-100,"'niggars',",-10
assh0le,-100,"'nigger',",-10
asshat,-100,"'niggers',",-10
assho1e,-100,"'greaseball',",-10
ass hole,-100,"'greaseballs',",-10
assholes,-100,"'white trash',",-10
assmaster,-100,"'white trashes',",-10
assmunch,-100,"'nig nog',",-10
asswipe,-100,"'nig nogs',",-10
asswipes,-100,"'faggot',",-10
azazel,-100,"'faggots',",-10
azz,-100,"'cotton picker',",-10
b1tch,-100,"'cotton pickers',",-10
babe,-100,"'darkie',",-10
babes,-100,"'darkies',",-10
ballsack,-100,"'hoser',",-10
bang,-100,"'hosers',",-10
banger,-100,"'Uncle Tom',",-10
barf,-100,"'Uncle Toms',",-10
bastard,-100,"'Jihadi',",-10
bastards,-100,"'Jihadis',",-10
bawdy,-100,"'retard',",-10
beaner,-100,"'retards',",-10
beardedclam,-100,"'hillbilly',",-10
beastiality,-100,"'hillbillies',",-10
beatch,-100,"'fag',",-10
beater,-100,"'fags',",-10
beaver,-100,"'trailer trash',",-10
beer,-100,"'trailer trashes',",-10
beeyotch,-100,"'pikey',",-10
beotch,-100,"'pikies',",-10
biatch,-100,"'nicca',",-10
bigtits,-100,"'niccas',",-10
big tits,-100,"'tranny',",-10
bimbo,-100,"'trannies',",-10
bitch,-100,"'porch monkey',",-10
bitched,-100,"'porch monkies',",-10
bitches,-100,"'wigger',",-10
bitchy,-100,"'wiggers',",-10
blow job,-100,"'wetback',",-10
blow,-100,"'wetbacks',",-10
blowjob,-100,"'nigglet',",-10
blowjobs,-100,"'nigglets',",-10
bod,-100,"'wigga',",-10
bodily,-100,"'wiggas',",-10
boink,-100,"'dhimmi',",-10
bollock,-100,"'dhimmis',",-10
bollocks,-100,"'honkey',",-10
bollok,-100,"'honkies',",-10
bone,-100,"'eurotrash',",-10
boned,-100,"'eurotrashes',",-10
boner,-100,"'yardie',",-10
boners,-100,"'yardies',",-10
bong,-100,"'trailer park trash',",-10
boob,-100,"'trailer park trashes',",-10
boobies,-100,"'niggah',",-10
boobs,-100,"'niggahes',",-10
booby,-100,"'yokel',",-10
booger,-100,"'yokels',",-10
bookie,-100,"'nigguh',",-10
bootee,-100,"'nigguhes',",-10
bootie,-100,"'camel jockey',",-10
booty,-100,"'camel jockies',",-10
booze,-100,"'honkie',",-10
boozer,-100,"'niglet',",-10
boozy,-100,"'niglets',",-10
bosom,-100,"'gyppo',",-10
bosomy,-100,"'gyppos',",-10
bowel,-100,"'dyke',",-10
bowels,-100,"'dykes',",-10
bra,-100,"'half breed',",-10
brassiere,-100,"'honky',",-10
breast,-100,"'race traitor',",-10
breasts,-100,"'race traitors',",-10
bugger,-100,"'jiggaboo',",-10
bukkake,-100,"'jiggaboos',",-10
bullshit,-100,"'Chinaman',",-10
bull shit,-100,"'Chinamans',",-10
bullshits,-100,"'curry muncher',",-10
bullshitted,-100,"'curry munchers',",-10
bullturds,-100,"'jungle bunny',",-10
bung,-100,"'jungle bunnies',",-10
busty,-100,"'coon ass',",-10
butt,-100,"'coon asses',",-10
butt fuck,-100,"'newfie',",-10
buttfuck,-100,"'newfies',",-10
buttfucker,-100,"'house nigger',",-10
buttplug,-100,"'house niggers',",-10
c.0.c.k,-100,"'limey',",-10
c.o.c.k.,-100,"'limies',",-10
c.u.n.t,-100,"'red bone',",-10
c0ck,-100,"'red bones',",-10
c-0-c-k,-100,"'guala',",-10
caca,-100,"'gualas',",-10
cahone,-100,"'plastic paddy',",-10
cameltoe,-100,"'plastic paddies',",-10
carpetmuncher,-100,"'whigger',",-10
cawk,-100,"'whiggers',",-10
cervix,-100,"'jigaboo',",-10
chinc,-100,"'jigaboos',",-10
chincs,-100,"'nig',",-10
chink,-100,"'nigs',",-10
chode,-100,"'Zionazi',",-10
chodes,-100,"'Zionazis',",-10
cl1t,-100,"'spear chucker',",-10
climax,-100,"'spear chuckers',",-10
clit,-100,"'niggress',",-10
clitoris,-100,"'niggresses',",-10
clitorus,-100,"'yobbo',",-10
clits,-100,"'yobbos',",-10
clitty,-100,"'border jumper',",-10
cocain,-100,"'border jumpers',",-10
cocaine,-100,"'sperg',",-10
cock,-100,"'spergs',",-10
c-o-c-k,-100,"'pommy',",-10
cockblock,-100,"'pommies',",-10
cockholster,-100,"'munter',",-10
cockknocker,-100,"'munters',",-10
cocks,-100,"'tar baby',",-10
cocksmoker,-100,"'tar babies',",-10
cocksucker,-100,"'pommie',",-10
cock sucker,-100,"'gyp',",-10
coital,-100,"'gyps',",-10
commie,-100,"'anchor baby',",-10
condom,-100,"'anchor babies',",-10
coon,-100,"'twat',",-10
coons,-100,"'twats',",-10
corksucker,-100,"'border hopper',",-10
crabs,-100,"'border hoppers',",-10
crack,-100,"'queer',",-10
cracker,-100,"'queers',",-10
crackwhore,-100,"'darky',",-10
crap,-100,"'ching chong',",-10
crappy,-100,"'ching chongs',",-10
cum,-100,"'khazar',",-10
cummin,-100,"'khazars',",-10
cumming,-100,"'gippo',",-10
cumshot,-100,"'gippos',",-10
cumshots,-100,"'skanger',",-10
cumslut,-100,"'skangers',",-10
cumstain,-100,"'beaner',",-10
cunilingus,-100,"'beaners',",-10
cunnilingus,-100,"'quadroon',",-10
cunny,-100,"'quadroons',",-10
cunt,-100,"'gator bait',",-10
c-u-n-t,-100,"'gator baits',",-10
cuntface,-100,"'Cushite',",-10
cunthunter,-100,"'Cushites',",-10
cuntlick,-100,"'mud shark',",-10
cuntlicker,-100,"'mud sharks',",-10
cunts,-100,"'cracker',",-10
d0ng,-100,"'crackers',",-10
d0uch3,-100,"'dune coon',",-10
d0uche,-100,"'dune coons',",-10
d1ck,-100,"'pickaninny',",-10
d1ld0,-100,"'pickaninnies',",-10
d1ldo,-100,"'slant eye',",-10
dago,-100,"'slant eyes',",-10
dagos,-100,"'sideways vagina',",-10
dammit,-100,"'sideways vaginas',",-10
damn,-100,"'hick',",-10
damned,-100,"'hicks',",-10
damnit,-100,"'camel fucker',",-10
dawgie-style,-100,"'camel fuckers',",-10
dick,-100,"'redneck',",-10
dickbag,-100,"'rednecks',",-10
dickdipper,-100,"'spiv',",-10
dickface,-100,"'spivs',",-10
dickflipper,-100,"'zipperhead',",-10
dickhead,-100,"'zipperheads',",-10
dickheads,-100,"'Kushite',",-10
dickish,-100,"'Kushites',",-10
dick-ish,-100,"'Shylock',",-10
dickripper,-100,"'Shylocks',",-10
dicksipper,-100,"'gook',",-10
dickweed,-100,"'gooks',",-10
dickwhipper,-100,"'papist',",-10
dickzipper,-100,"'papists',",-10
diddle,-100,"'hymie',",-10
dike,-100,"'hymies',",-10
dildo,-100,"'wog',",-10
dildos,-100,"'wogs',",-10
diligaf,-100,"'scally',",-10
dillweed,-100,"'scallies',",-10
dimwit,-100,"'coon',",-10
dingle,-100,"'coons',",-10
dipship,-100,"'whitey',",-10
doggie-style,-100,"'whities',",-10
doggy-style,-100,"'nigette',",-10
dong,-100,"'nigettes',",-10
doofus,-100,"'paki',",-10
doosh,-100,"'pakis',",-10
dopey,-100,"'towel head',",-10
douch3,-100,"'towel heads',",-10
douche,-100,"'Argie',",-10
douchebag,-100,"'Argies',",-10
douchebags,-100,"'wexican',",-10
douchey,-100,"'wexicans',",-10
drunk,-100,"'jigger',",-10
dumass,-100,"'jiggers',",-10
dumbass,-100,"'injun',",-10
dumbasses,-100,"'injuns',",-10
dummy,-100,"'ocker',",-10
dyke,-100,"'ockers',",-10
dykes,-100,"'polack',",-10
ejaculate,-100,"'polacks',",-10
enlargement,-100,"'moulie',",-10
erect,-100,"'moulies',",-10
erection,-100,"'niggor',",-10
erotic,-100,"'niggors',",-10
essohbee,-100,"'scanger',",-10
extacy,-100,"'scangers',",-10
extasy,-100,"'ofay',",-10
f.u.c.k,-100,"'ofaies',",-10
fack,-100,"'jigga',",-10
fag,-100,"'jiggas',",-10
fagg,-100,"'redskin',",-10
fagged,-100,"'redskins',",-10
faggit,-100,"'chonky',",-10
faggot,-100,"'chonkies',",-10
fagot,-100,"'hebro',",-10
fags,-100,"'hebros',",-10
faig,-100,"'wop',",-10
faigt,-100,"'wops',",-10
fannybandit,-100,"'chink',",-10
fart,-100,"'chinks',",-10
fartknocker,-100,"'sideways pussy',",-10
fat,-100,"'sideways pussies',",-10
felch,-100,"'paleface',",-10
felcher,-100,"'palefaces',",-10
felching,-100,"'wagon burner',",-10
fellate,-100,"'wagon burners',",-10
fellatio,-100,"'nigra',",-10
feltch,-100,"'nigras',",-10
feltcher,-100,"'spic',",-10
fisted,-100,"'spics',",-10
fisting,-100,"'jocky',",-10
fisty,-100,"'jockies',",-10
floozy,-100,"'kraut',",-10
foad,-100,"'krauts',",-10
fondle,-100,"'steek',",-10
foobar,-100,"'steeks',",-10
foreskin,-100,"'coolie',",-10
freex,-100,"'coolies',",-10
frigg,-100,"'gooky',",-10
frigga,-100,"'gookies',",-10
fubar,-100,"'octaroon',",-10
fuck,-100,"'octaroons',",-10
f-u-c-k,-100,"'bint',",-10
fuckass,-100,"'bints',",-10
fucked,-100,"'shit heel',",-10
fucker,-100,"'shit heels',",-10
fuckface,-100,"'squaw',",-10
fuckin,-100,"'squaws',",-10
fucking,-100,"'bog trotter',",-10
fucknugget,-100,"'bog trotters',",-10
fucknut,-100,"'Oriental',",-10
fuckoff,-100,"'Orientals',",-10
fucks,-100,"'halfrican',",-10
fucktard,-100,"'halfricans',",-10
fuck-tard,-100,"'paddy',",-10
fuckup,-100,"'paddies',",-10
fuckwad,-100,"'groid',",-10
fuckwit,-100,"'groids',",-10
fudgepacker,-100,"'jiggabo',",-10
fuk,-100,"'jiggabos',",-10
fvck,-100,"'jigg',",-10
fxck,-100,"'jiggs',",-10
gae,-100,"'jant',",-10
gai,-100,"'jants',",-10
ganja,-100,"'spide',",-10
gay,-100,"'spides',",-10
gays,-100,"'camel humper',",-10
gey,-100,"'camel humpers',",-10
gfy,-100,"'white nigger',",-10
ghay,-100,"'white niggers',",-10
ghey,-100,"'ZOG',",-10
gigolo,-100,"'ZOGs',",-10
glans,-100,"'diaper head',",-10
goatse,-100,"'diaper heads',",-10
godamn,-100,"'heeb',",-10
godamnit,-100,"'heebs',",-10
goddam,-100,"'Christ killer',",-10
goddammit,-100,"'Christ killers',",-10
goddamn,-100,"'piker',",-10
goldenshower,-100,"'pikers',",-10
gonad,-100,"'higger',",-10
gonads,-100,"'higgers',",-10
gook,-100,"'lemonhead',",-10
gooks,-100,"'lemonheads',",-10
gringo,-100,"'Hun',",-10
gspot,-100,"'Huns',",-10
g-spot,-100,"'popolo',",-10
gtfo,-100,"'popolos',",-10
guido,-100,"'cowboy killer',",-10
h0m0,-100,"'cowboy killers',",-10
h0mo,-100,"'jhant',",-10
handjob,-100,"'jhants',",-10
hard on,-100,"'eyetie',",-10
he11,-100,"'eyeties',",-10
hebe,-100,"'mockey',",-10
heeb,-100,"'mockies',",-10
hell,-100,"'alligator bait',",-10
hemp,-100,"'alligator baits',",-10
heroin,-100,"'Jap',",-10
herp,-100,"'Japs',",-10
herpes,-100,"'shanty Irish',",-10
herpy,-100,"'shanty Irishes',",-10
hitler,-100,"'redlegs',",-10
hiv,-100,"'mulignan',",-10
hobag,-100,"'mulignans',",-10
hom0,-100,"'jockie',",-10
homey,-100,"'mangia cake',",-10
homo,-100,"'mangia cakes',",-10
homoey,-100,"'moulinyan',",-10
honky,-100,"'moulinyans',",-10
hooch,-100,"'nigar',",-10
hookah,-100,"'nigars',",-10
hooker,-100,"'darkey',",-10
hoor,-100,"'gurrier',",-10
hootch,-100,"'gurriers',",-10
hooter,-100,"'lubra',",-10
hooters,-100,"'lubras',",-10
horny,-100,"'Buckwheat',",-10
hump,-100,"'Buckwheats',",-10
humped,-100,"'mulato',",-10
humping,-100,"'mulatos',",-10
hussy,-100,"'prairie nigger',",-10
hymen,-100,"'prairie niggers',",-10
inbred,-100,"'kyke',",-10
incest,-100,"'kykes',",-10
injun,-100,"'boonie',",-10
j3rk0ff,-100,"'boonies',",-10
jackass,-100,"'mick',",-10
jackhole,-100,"'micks',",-10
jackoff,-100,"'bluegum',",-10
jap,-100,"'bluegums',",-10
japs,-100,"'spigger',",-10
jerk,-100,"'spiggers',",-10
jerk0ff,-100,"'border bunny',",-10
jerked,-100,"'border bunnies',",-10
jerkoff,-100,"'kike',",-10
jism,-100,"'kikes',",-10
jiz,-100,"'moulignon',",-10
jizm,-100,"'moulignons',",-10
jizz,-100,"'roundeye',",-10
jizzed,-100,"'roundeyes',",-10
junkie,-100,"'ginzo',",-10
junky,-100,"'ginzos',",-10
kike,-100,"'Jewbacca',",-10
kikes,-100,"'Jewbaccas',",-10
kill,-100,"'booner',",-10
kinky,-100,"'booners',",-10
kkk,-100,"'nigre',",-10
klan,-100,"'nigres',",-10
knobend,-100,"'scallie',",-10
kooch,-100,"'niger',",-10
kooches,-100,"'nigers',",-10
kootch,-100,"'dinge',",-10
kraut,-100,"'dinges',",-10
kyke,-100,"'Leb',",-10
labia,-100,"'Lebs',",-10
lech,-100,"'Lebbo',",-10
leper,-100,"'Lebbos',",-10
lesbians,-100,"'sambo',",-10
lesbo,-100,"'sambos',",-10
lesbos,-100,"'Africoon',",-10
lez,-100,"'Africoons',",-10
lezbian,-100,"'ling ling',",-10
lezbians,-100,"'ling lings',",-10
lezbo,-100,"'gub',",-10
lezbos,-100,"'gubs',",-10
lezzie,-100,"'banana bender',",-10
lezzies,-100,"'banana benders',",-10
lezzy,-100,"'japie',",-10
lmao,-100,"'japies',",-10
lmfao,-100,"'island nigger',",-10
loin,-100,"'island niggers',",-10
loins,-100,"'hairyback',",-10
lube,-100,"'hairybacks',",-10
lusty,-100,"'lugan',",-10
mams,-100,"'lugans',",-10
massa,-100,"'Bog Irish',",-10
masterbate,-100,"'Bog Irishes',",-10
masterbating,-100,"'blaxican',",-10
masterbation,-100,"'blaxicans',",-10
masturbate,-100,"'moke',",-10
masturbating,-100,"'mokes',",-10
masturbation,-100,"'nigor',",-10
maxi,-100,"'nigors',",-10
menses,-100,"'bix nood',",-10
menstruate,-100,"'bix noods',",-10
menstruation,-100,"'Kushi',",-10
meth,-100,"'Kushis',",-10
m-fucking,-100,"'guala guala',",-10
mofo,-100,"'guala gualas',",-10
molest,-100,"'hoosier',",-10
moolie,-100,"'hoosiers',",-10
moron,-100,"'thicklips',",-10
motherfucka,-100,"'mook',",-10
motherfucker,-100,"'mooks',",-10
motherfucking,-100,"'muk',",-10
mtherfucker,-100,"'muks',",-10
mthrfucker,-100,"'soup taker',",-10
mthrfucking,-100,"'soup takers',",-10
muff,-100,"'senga',",-10
muffdiver,-100,"'sengas',",-10
murder,-100,"'Cushi',",-10
muthafuckaz,-100,"'Cushis',",-10
muthafucker,-100,"'pogue',",-10
mutherfucker,-100,"'pogues',",-10
mutherfucking,-100,"'abo',",-10
muthrfucking,-100,"'abos',",-10
nad,-100,"'ping pang',",-10
nads,-100,"'ping pangs',",-10
naked,-100,"'proddy dog',",-10
napalm,-100,"'proddy dogs',",-10
nappy,-100,"'boong',",-10
nazi,-100,"'boongs',",-10
nazism,-100,"'dago',",-10
negro,-100,"'dagos',",-10
nigga,-100,"'dogun',",-10
niggah,-100,"'doguns',",-10
niggas,-100,"'mocky',",-10
niggaz,-100,"'poppadom',",-10
nigger,-100,"'poppadoms',",-10
niggers,-100,"'Gwat',",-10
niggle,-100,"'Gwats',",-10
niglet,-100,"'ice nigger',",-10
nimrod,-100,"'ice niggers',",-10
ninny,-100,"'spook',",-10
nipple,-100,"'spooks',",-10
nooky,-100,"'Afro-Saxon',",-10
nympho,-100,"'Afro-Saxons',",-10
opiate,-100,"'guido',",-10
opium,-100,"'guidos',",-10
oral,-100,"'latrino',",-10
orally,-100,"'latrinos',",-10
organ,-100,"'lowlander',",-10
orgasm,-100,"'lowlanders',",-10
orgasmic,-100,"'mockie',",-10
orgies,-100,"'moky',",-10
orgy,-100,"'mokies',",-10
ovary,-100,"'mosshead',",-10
ovum,-100,"'mossheads',",-10
ovums,-100,"'African catfish',",-10
p.u.s.s.y.,-100,"'African catfishes',",-10
paddy,-100,"'gyppy',",-10
paki,-100,"'gyppies',",-10
pantie,-100,"'timber nigger',",-10
panties,-100,"'timber niggers',",-10
panty,-100,"'Americoon',",-10
pastie,-100,"'Americoons',",-10
pasty,-100,"'camel cowboy',",-10
pcp,-100,"'camel cowboies',",-10
pecker,-100,"'eh hole',",-10
pedo,-100,"'eh holes',",-10
pedophile,-100,"'Hunyak',",-10
pedophilia,-100,"'Hunyaks',",-10
pedophiliac,-100,"'slopehead',",-10
pee,-100,"'slopeheads',",-10
peepee,-100,"'teabagger',",-10
penetrate,-100,"'teabaggers',",-10
penetration,-100,"'Armo',",-10
penial,-100,"'Armos',",-10
penile,-100,"'bitch',",-10
penis,-100,"'bitches',",-10
perversion,-100,"'greaser',",-10
peyote,-100,"'greasers',",-10
phalli,-100,"'Honyock',",-10
phallic,-100,"'Honyocks',",-10
phuck,-100,"'mud person',",-10
pillowbiter,-100,"'mud persons',",-10
pimp,-100,"'pineapple nigger',",-10
pinko,-100,"'pineapple niggers',",-10
piss,-100,"'retarded',",-10
pissed,-100,"'semihole',",-10
pissoff,-100,"'semiholes',",-10
piss-off,-100,"'Amo',",-10
pms,-100,"'Amos',",-10
polack,-100,"'border nigger',",-10
pollock,-100,"'border niggers',",-10
poon,-100,"'buckra',",-10
poontang,-100,"'buckras',",-10
porn,-100,"'burrhead',",-10
porno,-100,"'burrheads',",-10
pornography,-100,"'cab nigger',",-10
pot,-100,"'cab niggers',",-10
potty,-100,"'carpet pilot',",-10
prick,-100,"'carpet pilots',",-10
prig,-100,"'pancake face',",-10
prostitute,-100,"'pancake faces',",-10
prude,-100,"'spigotty',",-10
pube,-100,"'spigotties',",-10
pubic,-100,"'carrot snapper',",-10
pubis,-100,"'carrot snappers',",-10
punkass,-100,"'chili shitter',",-10
punky,-100,"'chili shitters',",-10
puss,-100,"'curry slurper',",-10
pussies,-100,"'curry slurpers',",-10
pussy,-100,"'ghetto hamster',",-10
pussypounder,-100,"'ghetto hamsters',",-10
puto,-100,"'ice monkey',",-10
queaf,-100,"'ice monkies',",-10
queef,-100,"'roofucker',",-10
queer,-100,"'roofuckers',",-10
queero,-100,"'Velcro head',",-10
queers,-100,"'Velcro heads',",-10
quicky,-100,"'wiggerette',",-10
quim,-100,"'wiggerettes',",-10
racy,-100,"'beach nigger',",-10
rape,-100,"'beach niggers',",-10
raped,-100,"'bean dipper',",-10
raper,-100,"'bean dippers',",-10
rapist,-100,"'bog hopper',",-10
raunch,-100,"'bog hoppers',",-10
rectal,-100,"'Buddhahead',",-10
rectum,-100,"'Buddhaheads',",-10
rectus,-100,"'camel jacker',",-10
reefer,-100,"'camel jackers',",-10
reetard,-100,"'Caublasian',",-10
reich,-100,"'Caublasians',",-10
retard,-100,"'cave nigger',",-10
retarded,-100,"'cave niggers',",-10
revue,-100,"'cow kisser',",-10
rimjob,-100,"'cow kissers',",-10
ritard,-100,"'dune nigger',",-10
rtard,-100,"'dune niggers',",-10
r-tard,-100,"'four by two',",-10
rum,-100,"'four by twos',",-10
rump,-100,"'fresh off the boat',",-10
rumprammer,-100,"'fresh off the boats',",-10
ruski,-100,"'gin jockey',",-10
s.h.i.t.,-100,"'gin jockies',",-10
s.o.b.,-100,"'golliwog',",-10
s0b,-100,"'golliwogs',",-10
sadism,-100,"'guinea',",-10
sadist,-100,"'guineas',",-10
scag,-100,"'Jim Fish',",-10
scantily,-100,"'Jim Fishes',",-10
schizo,-100,"'mackerel snapper',",-10
schlong,-100,"'mackerel snappers',",-10
screw,-100,"'octroon',",-10
screwed,-100,"'octroons',",-10
scrog,-100,"'pohm',",-10
scrot,-100,"'pohms',",-10
scrote,-100,"'pussy',",-10
scrotum,-100,"'pussies',",-10
scrud,-100,"'Russellite',",-10
scum,-100,"'Russellites',",-10
seaman,-100,"'spice nigger',",-10
seamen,-100,"'spice niggers',",-10
seduce,-100,"'uncivilized',",-10
semen,-100,"'Whipped',",-10
sex,-100,"'albino',",-10
sexual,-100,"'albinos',",-10
sh1t,-100,"'ape',",-10
s-h-1-t,-100,"'apes',",-10
shamedame,-100,"'Aunt Jemima',",-10
shit,-100,"'Aunt Jemimas',",-10
s-h-i-t,-100,"'buckethead',",-10
shite,-100,"'bucketheads',",-10
shiteater,-100,"'Chinese wetback',",-10
shitface,-100,"'Chinese wetbacks',",-10
shithead,-100,"'chug',",-10
shithole,-100,"'chugs',",-10
shithouse,-100,"'curry stinker',",-10
shits,-100,"'curry stinkers',",-10
shitt,-100,"'dyke jumper',",-10
shitted,-100,"'dyke jumpers',",-10
shitter,-100,"'eight ball',",-10
shitty,-100,"'eight balls',",-10
shiz,-100,"'gun burglar',",-10
sissy,-100,"'gun burglars',",-10
skag,-100,"'ikey mo',",-10
skank,-100,"'ikey mos',",-10
slave,-100,"'lawn jockey',",-10
sleaze,-100,"'lawn jockies',",-10
sleazy,-100,"'leprechaun',",-10
slut,-100,"'leprechauns',",-10
slutdumper,-100,"'mutt',",-10
slutkiss,-100,"'mutts',",-10
sluts,-100,"'negro',",-10
smegma,-100,"'negros',",-10
smut,-100,<8a><97><85>negroes<8a><97><c8>,-10
smutty,-100,"'nitchee',",-10
snatch,-100,"'nitchees',",-10
sniper,-100,"'sooty',",-10
snuff,-100,"'sooties',",-10
s-o-b,-100,"'spick',",-10
sodom,-100,"'spicks',",-10
souse,-100,"'tinkard',",-10
soused,-100,"'tinkards',",-10
sperm,-100,"'uncircumcised baboon',",-10
spic,-100,"'uncircumcised baboons',",-10
spick,-100,"'zigabo',",-10
spik,-100,"'zigabos',",-10
spiks,-100,"'abbo',",-10
spooge,-100,"'abbos',",-10
spunk,-100,"'Anglo',",-10
steamy,-100,"'Anglos',",-10
stfu,-100,"'Aunt Jane',",-10
stiffy,-100,"'Aunt Janes',",-10
stoned,-100,"'Aunt Mary',",-10
strip,-100,"'Aunt Maries',",-10
stroke,-100,"'Aunt Sally',",-10
stupid,-100,"'Aunt Sallies',",-10
suck,-100,"'azn',",-10
sucked,-100,"'azns',",-10
sucking,-100,"'bamboo coon',",-10
sumofabiatch,-100,"'bamboo coons',",-10
t1t,-100,"'banana lander',",-10
tampon,-100,"'banana landers',",-10
tard,-100,"'banjo lips',",-10
tawdry,-100,"'bans and cans',",-10
teabagging,-100,"'beaner shnitzel',",-10
teat,-100,"'beaner shnitzels',",-10
terd,-100,"'beaney',",-10
teste,-100,"'beanies',",-10
testee,-100,"'Bengali',",-10
testes,-100,"'Bengalis',",-10
testicle,-100,"'bhrempti',",-10
testis,-100,"'bhremptis',",-10
thrust,-100,"'bird',",-10
thug,-100,"'birds',",-10
tinkle,-100,"'bitter clinger',",-10
tit,-100,"'bitter clingers',",-10
titfuck,-100,"'black Barbie',",-10
titi,-100,"'black Barbies',",-10
tits,-100,"'black dago',",-10
tittiefucker,-100,"'black dagos',",-10
titties,-100,"'blockhead',",-10
titty,-100,"'blockheads',",-10
tittyfuck,-100,"'bog jumper',",-10
tittyfucker,-100,"'bog jumpers',",-10
toke,-100,"'boon',",-10
toots,-100,"'boons',",-10
tramp,-100,"'boonga',",-10
transsexual,-100,"'boongas',",-10
trashy,-100,"'Bounty bar',",-10
tubgirl,-100,"'Bounty bars',",-10
turd,-100,"'boxhead',",-10
tush,-100,"'boxheads',",-10
twat,-100,"'brass ankle',",-10
twats,-100,"'brass ankles',",-10
ugly,-100,"'brownie',",-10
undies,-100,"'brownies',",-10
unwed,-100,"'buffie',",-10
urinal,-100,"'buffies',",-10
urine,-100,"'bug eater',",-10
uterus,-100,"'bug eaters',",-10
uzi,-100,"'buk buk',",-10
vag,-100,"'buk buks',",-10
vagina,-100,"'bumblebee',",-10
valium,-100,"'bumblebees',",-10
viagra,-100,"'bung',",-10
virgin,-100,"'bungs',",-10
vixen,-100,"'bunga',",-10
vodka,-100,"'bungas',",-10
vomit,-100,"'butterhead',",-10
voyeur,-100,"'butterheads',",-10
vulgar,-100,"'can eater',",-10
vulva,-100,"'can eaters',",-10
wad,-100,"'celestial',",-10
wang,-100,"'celestials',",-10
wank,-100,"'Charlie',",-10
wanker,-100,"'Charlies',",-10
wazoo,-100,"'chee chee',",-10
wedgie,-100,"'chee chees',",-10
weed,-100,"'chi chi',",-10
weenie,-100,"'chi chis',",-10
weewee,-100,"'chigger',",-10
weiner,-100,"'chiggers',",-10
weirdo,-100,"'chinig',",-10
wench,-100,"'chinigs',",-10
wetback,-100,"'chink a billy',",-10
wh0re,-100,"'chink a billies',",-10
wh0reface,-100,"'chunky',",-10
whitey,-100,"'chunkies',",-10
whiz,-100,"'clam',",-10
whoralicious,-100,"'clams',",-10
whore,-100,"'clamhead',",-10
whorealicious,-100,"'clamheads',",-10
whored,-100,"'colored',",-10
whoreface,-100,"'coloured',",-10
whorehopper,-100,"'crow',",-10
whorehouse,-100,"'crows',",-10
whores,-100,"'dego',",-10
whoring,-100,"'degos',",-10
wigger,-100,"'dink',",-10
womb,-100,"'dinks',",-10
woody,-100,"'dogan',",-10
wop,-100,"'dogans',",-10
wtf,-100,"'domes',",-10
x-rated,-100,"'dot head',",-10
xxx,-100,"'dot heads',",-10
yeasty,-100,"'eggplant',",-10
yobbo,-100,"'eggplants',",-10
zoophile,-100,"'Fairy',",-10
abbo,-100,"'Fairies',",-10
abo,-100,"'fez',",-10
abortion,-100,"'fezs',",-10
abuse,-100,"'FOB',",-10
addict,-100,"'FOBs',",-10
addicts,-100,"'fog nigger',",-10
adult,-100,"'fog niggers',",-10
africa,-100,"'fuzzy',",-10
african,-100,"'fuzzies',",-10
alla,-100,"'fuzzy wuzzy',",-10
allah,-100,"'fuzzy wuzzies',",-10
alligatorbait,-100,"'gable',",-10
amateur,-100,"'gables',",-10
american,-100,"'Gerudo',",-10
analannie,-100,"'Gerudos',",-10
analsex,-100,"'gew',",-10
angie,-100,"'gews',",-10
angry,-100,"'ghetto',",-10
arab,-100,"'ghettos',",-10
arabs,-100,"'gipp',",-10
argie,-100,"'gipps',",-10
aroused,-100,"'gook eye',",-10
arse,-100,"'gook eyes',",-10
arsehole,-100,"'gyppie',",-10
asian,-100,"'heinie',",-10
assassin,-100,"'heinies',",-10
assassinate,-100,"'ho',",-10
assassination,-100,"'hos',",-10
assault,-100,"'hoe',",-10
assbagger,-100,"'hoes',",-10
assblaster,-100,"'Honyak',",-10
assclown,-100,"'Honyaks',",-10
asscowboy,-100,"'Hunkie',",-10
asshole,-100,"'Hunkies',",-10
asshore,-100,"'Hunky',",-10
assjockey,-100,"'Hunyock',",-10
asskiss,-100,"'Hunyocks',",-10
asskisser,-100,"'ike',",-10
assklown,-100,"'ikes',",-10
asslick,-100,"'ikey',",-10
asslicker,-100,"'ikies',",-10
asslover,-100,"'iky',",-10
assman,-100,"'jig',",-10
assmonkey,-100,"'jigs',",-10
assmuncher,-100,"'jigarooni',",-10
asspacker,-100,"'jigaroonis',",-10
asspirate,-100,"'jijjiboo',",-10
asspuppies,-100,"'jijjiboos',",-10
assranger,-100,"'kotiya',",-10
asswhore,-100,"'kotiyas',",-10
athletesfoot,-100,"'mickey',",-10
attack,-100,"'mickies',",-10
australian,-100,"'moch',",-10
babies,-100,"'moches',",-10
backdoor,-100,"'mock',",-10
backdoorman,-100,"'mocks',",-10
backseat,-100,"'mong',",-10
badfuck,-100,"'mongs',",-10
balllicker,-100,"'monkey',",-10
balls,-100,"'monkies',",-10
banging,-100,"'Moor',",-10
baptist,-100,"'Moors',",-10
barelylegal,-100,"'moss eater',",-10
barface,-100,"'moss eaters',",-10
barfface,-100,"'moxy',",-10
bast,-100,"'moxies',",-10
bazongas,-100,"'muktuk',",-10
bazooms,-100,"'muktuks',",-10
beast,-100,"'mung',",-10
beastality,-100,"'mungs',",-10
beastial,-100,"'munt',",-10
beatoff,-100,"'munts',",-10
beat-off,-100,"'ned',",-10
beatyourmeat,-100,"'net head',",-10
bestial,-100,"'net heads',",-10
bestiality,-100,"'nichi',",-10
bi,-100,"'nichis',",-10
bible,-100,"'nichiwa',",-10
bicurious,-100,"'nichiwas',",-10
bigass,-100,"'nidge',",-10
bigbastard,-100,"'nidges',",-10
bigbutt,-100,"'nip',",-10
bigger,-100,"'nips',",-10
bisexual,-100,"'nitchie',",-10
bi-sexual,-100,"'nitchies',",-10
bitcher,-100,"'nitchy',",-10
bitchez,-100,"'Orangie',",-10
bitchin,-100,"'Orangies',",-10
bitching,-100,"'Oreo',",-10
bitchslap,-100,"'Oreos',",-10
biteme,-100,"'papoose',",-10
black,-100,"'papooses',",-10
blackman,-100,"'piky',",-10
blackout,-100,"'pinto',",-10
blacks,-100,"'pintos',",-10
blind,-100,"'pointy head',",-10
boang,-100,"'pointy heads',",-10
bogan,-100,"'pollo',",-10
bohunk,-100,"'pollos',",-10
bollick,-100,"'pom',",-10
bomb,-100,"'poms',",-10
bombers,-100,"'pommie grant',",-10
bombing,-100,"'pommie grants',",-10
bombs,-100,"'Punjab',",-10
bomd,-100,"'Punjabs',",-10
bondage,-100,"'rube',",-10
boody,-100,"'rubes',",-10
boom,-100,"'sawney',",-10
boong,-100,"'sawnies',",-10
boonga,-100,"'scag',",-10
boonie,-100,"'scags',",-10
bootycall,-100,"'seppo',",-10
bountybar,-100,"'seppos',",-10
brea5t,-100,"'septic',",-10
breastjob,-100,"'septics',",-10
breastlover,-100,"'shant',",-10
breastman,-100,"'shants',",-10
brothel,-100,"'sheeny',",-10
buggered,-100,"'sheenies',",-10
buggery,-100,"'sheepfucker',",-10
bullcrap,-100,"'sheepfuckers',",-10
bulldike,-100,"'Shelta',",-10
bulldyke,-100,"'Sheltas',",-10
bumblefuck,-100,"'shiner',",-10
bumfuck,-100,"'shiners',",-10
bunga,-100,"'shit kicker',",-10
bunghole,-100,"'shit kickers',",-10
buried,-100,"'Shy',",-10
burn,-100,"'Shies',",-10
butchbabes,-100,"'sideways cooter',",-10
butchdike,-100,"'sideways cooters',",-10
butchdyke,-100,"'skag',",-10
buttbang,-100,"'skags',",-10
butt-bang,-100,"'Skippy',",-10
buttface,-100,"'Skippies',",-10
butt-fuck,-100,"'slag',",-10
butt-fucker,-100,"'slags',",-10
buttfuckers,-100,"'slant',",-10
butt-fuckers,-100,"'slants',",-10
butthead,-100,"'slit',",-10
buttman,-100,"'slits',",-10
buttmunch,-100,"'slope',",-10
buttmuncher,-100,"'slopes',",-10
buttpirate,-100,"'slopey',",-10
buttstain,-100,"'slopies',",-10
byatch,-100,"'slopy',",-10
cacker,-100,"'smoke jumper',",-10
cameljockey,-100,"'smoke jumpers',",-10
canadian,-100,"'smoked Irish',",-10
cancer,-100,"'smoked Irishes',",-10
carruth,-100,"'smoked Irishman',",-10
catholic,-100,"'smoked Irishmans',",-10
catholics,-100,"'sole',",-10
cemetery,-100,"'soles',",-10
chav,-100,"'spickaboo',",-10
cherrypopper,-100,"'spickaboos',",-10
chickslick,-100,"'spig',",-10
children's,-100,"'spigs',",-10
chin,-100,"'spik',",-10
chinaman,-100,"'spiks',",-10
chinamen,-100,"'spink',",-10
chinese,-100,"'spinks',",-10
chinky,-100,"'squarehead',",-10
choad,-100,"'squareheads',",-10
christ,-100,"'squinty',",-10
christian,-100,"'squinties',",-10
church,-100,"'stovepipe',",-10
cigarette,-100,"'stovepipes',",-10
cigs,-100,"'sub human',",-10
clamdigger,-100,"'sub humans',",-10
clamdiver,-100,"'sucker fish',",-10
clogwog,-100,"'sucker fishes',",-10
cockblocker,-100,"'Taffy',",-10
cockcowboy,-100,"'Taffies',",-10
cockfight,-100,"'teapot',",-10
cockhead,-100,"'teapots',",-10
cockknob,-100,"'tenker',",-10
cocklicker,-100,"'tenkers',",-10
cocklover,-100,"'tincker',",-10
cocknob,-100,"'tinckers',",-10
cockqueen,-100,"'tinkar',",-10
cockrider,-100,"'tinkars',",-10
cocksman,-100,"'tinker',",-10
cocksmith,-100,"'tinkers',",-10
cocksucer,-100,"'tinkere',",-10
cocksuck,-100,"'tinkeres',",-10
cocksucked,-100,"'trash',",-10
cocksucking,-100,"'trashes',",-10
cocktail,-100,"'tree jumper',",-10
cocktease,-100,"'tree jumpers',",-10
cocky,-100,"'tunnel digger',",-10
cohee,-100,"'tunnel diggers',",-10
coitus,-100,"'Twinkie',",-10
color,-100,"'Twinkies',",-10
colored,-100,"'tyncar',",-10
coloured,-100,"'tyncars',",-10
communist,-100,"'tynekere',",-10
conservative,-100,"'tynekeres',",-10
conspiracy,-100,"'tynkard',",-10
coolie,-100,"'tynkards',",-10
cooly,-100,"'tynkare',",-10
coondog,-100,"'tynkares',",-10
copulate,-100,"'tynker',",-10
cornhole,-100,"'tynkers',",-10
corruption,-100,"'tynkere',",-10
cra5h,-100,"'tynkeres',",-10
crackpipe,-100,"'WASP',",-10
crack-whore,-100,"'WASPs',",-10
crapola,-100,"'Yank',",-10
crapper,-100,"'Yanks',",-10
crash,-100,"'Yankee',",-10
creamy,-100,"'Yankees',",-10
crime,-100,"'yellow',",-10
crimes,-100,"'yellows',",-10
criminal,-100,"'yid',",-10
criminals,-100,"'yids',",-10
crotch,-100,"'yob',",-10
crotchjockey,-100,"'yobs',",-10
crotchmonkey,-100,"'zebra',",-10
crotchrot,-100,"'zebras',",-10
cumbubble,-100,"'zippohead',",-10
cumfest,-100,"'zippoheads',",-10
cumjockey,-100,"'ZOG lover',",-10
cumm,-100,"'ZOG lovers<8a><97><c8>,",-10
cummer,-100,"'knacker',",-10
cumquat,-100,"'knackers',",-10
cumqueen,-100,"'shyster',",-10
cunillingus,-100,"'shysters',",-10
cunn,-100,"'bogan',",-10
cunntt,-100,"'bogans',",-10
cunteyed,-100,"'hayseed',",-10
cuntfuck,-100,"'moon cricket',",-10
cuntfucker,-100,"'moon crickets',",-10
cuntlicking,-100,"'mud duck',",-10
cuntsucker,-100,"'mud ducks',",-10
cybersex,-100,"'surrender monkey',",-10
cyberslimer,-100,"'surrender monkies',",-10
dahmer,-100,"'bludger',",-10
damnation,-100,"'bludgers',",-10
darkie,-100,"'charver',",-10
darky,-100,"'charvers',",-10
datnigga,-100,"'dole bludger',",-10
dead,-100,"'dole bludgers',",-10
deapthroat,-100,"'chav',",-10
death,-100,"'chavs',",-10
deepthroat,-100,"'sheister',",-10
defecate,-100,"'sheisters',",-10
dego,-100,"'charva',",-10
demon,-100,"'charvas',",-10
deposit,-100,"'touch of the tar brush',",-10
desire,-100,"'touch of the tar brushes',",-10
destroy,-100,"'Northern monkey',",-10
deth,-100,"'Northern monkies',",-10
devil,-100,"'Southern fairy',",-10
devilworshipper,-100,"'Southern fairies',",-10
dickbrain,-100,"'gubba',",-10
dickforbrains,-100,"'gubbas',",-10
dickless,-100,"'stump jumper',",-10
dicklick,-100,"'stump jumpers',",-10
dicklicker,-100,"'hebe',",-10
dickman,-100,"'hebes',",-10
dickwad,-100,"'millie',",-10
die,-100,"'millies',",-10
died,-100,"'quashie',",-10
dies,-100,"'quashies',",-10
dingleberry,-100,"'dingo fucker',",-10
dink,-100,"'dingo fuckers',",-10
dipshit,-100,"'mil bag',",-10
dipstick,-100,"'mil bags',",-10
dirty,-100,"'conspiracy theorist',",-10
disease,-100,"'conspiracy theorists',",-10
diseases,-100,"'whore from Fife',",-10
disturbed,-100,"'whore from Fifes',",-10
dive,-100,"'boojie',",-10
dix,-100,"'boojies',",-10
dixiedike,-100,"'book book',",-10
dixiedyke,-100,"'book books',",-10
doggiestyle,-100,"'cheese eating surrender monkey',",-10
doggystyle,-100,"'cheese eating surrender monkies',",-10
doodoo,-100,"'idiot',",-10
doo-doo,-100,"'idiots',",-10
doom,-100,"'jock',",-10
dope,-100,"'jocks',",-10
dragqueen,-100,"'mack',",-10
dragqween,-100,"'macks',",-10
dripdick,-100,"'Merkin',",-10
drug,-100,"'Merkins',",-10
drunken,-100,"'neche',",-10
dumb,-100,"'neches',",-10
dumbbitch,-100,"'neejee',",-10
dumbfuck,-100,"'neejees',",-10
dyefly,-100,"'neechee',",-10
easyslut,-100,"'neechees',",-10
eatballs,-100,"'powderburn',",-10
eatme,-100,"'powderburns',",-10
eatpussy,-100,"'proddywhoddy',",-10
ecstacy,-100,"'proddywhoddies',",-10
ejaculated,-100,"'proddywoddy',",-10
ejaculating,-100,"'proddywoddies',",-10
ejaculation,-100,"'Rhine monkey',",-10
enema,-100,Rhine monkies',-10
enemy,-100,allah akbar,-100
ero,-100,blacks,-100
escort,-100,chink,-100
ethiopian,-100,chinks,-100
ethnic,-100,dykes,-100
european,-100,faggot,-100
evl,-100,faggots,-100
excrement,-100,fags,-100
execute,-100,homo,-100
executed,-100,inbred,-100
execution,-100,nigger,-100
executioner,-100,niggers,-100
explosion,-100,queers,-100
facefucker,-100,raped,-100
faeces,-100,savages,-100
fagging,-100,slave,-100
failed,-100,spic,-100
failure,-100,wetback,-100
fairies,-100,wetbacks,-100
fairy,-100,whites,-100
faith,-100,a dirty,-100
fannyfucker,-100,a nigger,-100
farted,-100,all niggers,-100
farting,-100,all white,-100
farty,-100,always fuck,-100
fastfuck,-100,ass white,-100
fatah,-100,be killed,-100
fatass,-100,beat him,-100
fatfuck,-100,biggest faggot,-100
fatfucker,-100,blame the,-100
fatso,-100,butt ugly,-100
fckcum,-100,chink eyed,-100
fear,-100,chinks in,-100
feces,-100,coon shit,-100
felatio,-100,dumb monkey,-100
feltching,-100,dumb nigger,-100
fetish,-100,fag and,-100
fight,-100,fag but,-100
filipina,-100,faggot a,-100
filipino,-100,faggot and,-100
fingerfood,-100,faggot ass,-100
fingerfuck,-100,faggot bitch,-100
fingerfucked,-100,faggot for,-100
fingerfucker,-100,faggot smh,-100
fingerfuckers,-100,faggot that,-100
fingerfucking,-100,faggots and,-100
fire,-100,faggots like,-100
firing,-100,faggots usually,-100
fister,-100,faggots who,-100
fistfuck,-100,fags are,-100
fistfucked,-100,fuckin faggot,-100
fistfucker,-100,fucking faggot,-100
fistfucking,-100,fucking gay,-100
flange,-100,fucking hate,-100
flasher,-100,fucking nigger,-100
flatulence,-100,fucking queer,-100
floo,-100,gay ass,-100
flydie,-100,get raped,-100
flydye,-100,hate all,-100
fok,-100,hate faggots,-100
footaction,-100,hate fat,-100
footfuck,-100,hate you,-100
footfucker,-100,here faggot,-100
footlicker,-100,is white,-100
footstar,-100,jungle bunny,-100
fore,-100,kill all,-100
forni,-100,kill yourself,-100
fornicate,-100,little faggot,-100
foursome,-100,many niggers,-100
fourtwenty,-100,married to,-100
fraud,-100,me faggot,-100
freakfuck,-100,my coon,-100
freakyfucker,-100,nigga ask,-100
freefuck,-100,niggas like,-100
fu,-100,nigger ass,-100
fuc,-100,nigger is,-100
fucck,-100,nigger music,-100
fucka,-100,niggers are,-100
fuckable,-100,of fags,-100
fuckbag,-100,of white,-100
fuckbuddy,-100,raped and,-100
fuckedup,-100,raped by,-100
fuckers,-100,sand nigger,-100
fuckfest,-100,savages that,-100
fuckfreak,-100,shorty bitch,-100
fuckfriend,-100,spear chucker,-100
fuckhead,-100,spic cop,-100
fuckher,-100,stupid nigger,-100
fuckina,-100,that fag,-100
fuckingbitch,-100,that faggot,-100
fuckinnuts,-100,that nigger,-100
fuckinright,-100,the faggots,-100
fuckit,-100,the female,-100
fuckknob,-100,the niggers,-100
fuckme,-100,their heads,-100
fuckmehard,-100,them white,-100
fuckmonkey,-100,then faggot,-100
fuckpig,-100,this nigger,-100
fuckwhore,-100,to rape,-100
fuckyou,-100,trailer park,-100
fugly,-100,trash with,-100
fuks,-100,u fuckin,-100
funeral,-100,ugly dyke,-100
funfuck,-100,up nigger,-100
fungus,-100,white ass,-100
fuuck,-100,white boy,-100
gangbang,-100,white person,-100
gangbanged,-100,white trash,-100
gangbanger,-100,with niggas,-100
gangsta,-100,you fag,-100
gatorbait,-100,you nigger,-100
gaymuthafuckinwhore,-100,you niggers,-100
gaysex,-100,your faggot,-100
geez,-100,your nigger,-100
geezer,-100,a bitch made,-100
geni,-100,a fag and,-100
genital,-100,a fag but,-100
german,-100,a faggot and,-100
getiton,-100,a faggot for,-100
gin,-100,a fucking queer,-100
ginzo,-100,a nigga ask,-100
gipp,-100,a white person,-100
girls,-100,a white trash,-100
givehead,-100,all these fucking,-100
glazeddonut,-100,are all white,-100
gob,-100,be killed for,-100
god,-100,bitch made nigga,-100
godammit,-100,faggots like you,-100
goddamit,-100,faggots usually have,-100
goddamned,-100,fuck outta here,-100
goddamnes,-100,fuck u talking,-100
goddamnit,-100,fuck you too,-100
goddamnmuthafucker,-100,fucking hate you,-100
gonorrehea,-100,full of white,-100
gonzagas,-100,him a nigga,-100
gotohell,-100,his shorty bitch,-100
goy,-100,how many niggers,-100
goyim,-100,is a fag,-100
greaseball,-100,is a faggot,-100
groe,-100,is a fuckin,-100
gross,-100,is a fucking,-100
grostulation,-100,is a nigger,-100
gubba,-100,like a faggot,-100
gummer,-100,like da colored,-100
gun,-100,many niggers are,-100
gyp,-100,nigga and his,-100
gypo,-100,niggers are in,-100
gypp,-100,of white trash,-100
gyppie,-100,shut up nigger,-100
gyppo,-100,still a faggot,-100
gyppy,-100,the biggest faggot,-100
hamas,-100,the faggots who,-100
hapa,-100,the fuck do,-100
harder,-100,they all look,-100
hardon,-100,what a fag,-100
harem,-100,white bitch in,-100
headfuck,-100,white trash and,-100
headlights,-100,you a fag,-100
henhouse,-100,you a lame,-100
heterosexual,-100,you a nigger,-100
hijack,-100,you fuck wit,-100
hijacker,-100,you fucking faggot,-100
hijacking,-100,your a cunt,-100
hillbillies,-100,your a dirty,-100
hindoo,-100,your bitch in,-100
hiscock,-100,a bitch made nigga,-100
hitlerism,-100,a lame nigga you,-100
hitlerist,-100,faggot if you ever,-100
ho,-100,full of white trash,-100
hobo,-100,how many niggers are,-100
hodgie,-100,is full of white,-100
hoes,-100,lame nigga you a,-100
hole,-100,many niggers are in,-100
holestuffer,-100,nigga you a lame,-100
homicide,-100,niggers are in my,-100
homobangers,-100,wit a lame nigga,-100
homosexual,-100,you a lame bitch,-100
honger,-100,you fuck wit a,-100
honk,-100,"uncivilised',",-10
honkers,-100,"'gypo',",-10
honkey,-100,"'gypos',",-10
hook,-100,"'cunt',",-10
hookers,-100,"'cunts',",-10
hore,-100,"'peckerwood',",-10
hork,-100,"'peckerwoods',",-10
horn,-100,"'raghead',",-10
horney,-100,"'ragheads',",-10
horniest,-100,"'cripple',",-10
horseshit,-100,"'cripples',",-10
hosejob,-100,"'niggur',",-10
hoser,-100,"'niggurs',",-10
hostage,-100,"'yellow bone',",-10
hotdamn,-100,"'yellow bones',",-10
hotpussy,-100,"'muzzie',",-10
hottotrot,-100,"'muzzies',",-10
hummer,-100,"'niggar',",-10
husky,-100,"'niggars',",-10
hustler,-100,"'nigger',",-10
hymie,-100,"'niggers',",-10
iblowu,-100,"'greaseball',",-10
idiot,-100,"'greaseballs',",-10
ikey,-100,"'white trash',",-10
illegal,-100,"'white trashes',",-10
insest,-100,"'nig nog',",-10
intercourse,-100,"'nig nogs',",-10
interracial,-100,"'faggot',",-10
intheass,-100,"'faggots',",-10
inthebuff,-100,"'cotton picker',",-10
israel,-100,"'cotton pickers',",-10
israeli,-100,"'darkie',",-10
israel's,-100,"'darkies',",-10
italiano,-100,"'hoser',",-10
itch,-100,"'hosers',",-10
jackshit,-100,"'Uncle Tom',",-10
jacktheripper,-100,"'Uncle Toms',",-10
jade,-100,"'Jihadi',",-10
japanese,-100,"'Jihadis',",-10
japcrap,-100,"'retard',",-10
jebus,-100,"'retards',",-10
jeez,-100,"'hillbilly',",-10
jesus,-100,"'hillbillies',",-10
jesuschrist,-100,"'fag',",-10
jew,-100,"'fags',",-10
jewish,-100,"'trailer trash',",-10
jiga,-100,"'trailer trashes',",-10
jigaboo,-100,"'pikey',",-10
jigg,-100,"'pikies',",-10
jigga,-100,"'nicca',",-10
jiggabo,-100,"'niccas',",-10
jigger,-100,"'tranny',",-10
jiggy,-100,"'trannies',",-10
jihad,-100,"'porch monkey',",-10
jijjiboo,-100,"'porch monkies',",-10
jimfish,-100,"'wigger',",-10
jizim,-100,"'wiggers',",-10
jizjuice,-100,"'wetback',",-10
jizzim,-100,"'wetbacks',",-10
jizzum,-100,"'nigglet',",-10
joint,-100,"'nigglets',",-10
juggalo,-100,"'wigga',",-10
jugs,-100,"'wiggas',",-10
junglebunny,-100,"'dhimmi',",-10
kaffer,-100,"'dhimmis',",-10
kaffir,-100,"'honkey',",-10
kaffre,-100,"'honkies',",-10
kafir,-100,"'eurotrash',",-10
kanake,-100,"'eurotrashes',",-10
kid,-100,"'yardie',",-10
kigger,-100,"'yardies',",-10
killed,-100,"'trailer park trash',",-10
killer,-100,"'trailer park trashes',",-10
killing,-100,"'niggah',",-10
kills,-100,"'niggahes',",-10
kink,-100,"'yokel',",-10
kissass,-100,"'yokels',",-10
knife,-100,"'nigguh',",-10
knockers,-100,"'nigguhes',",-10
kock,-100,"'camel jockey',",-10
kondum,-100,"'camel jockies',",-10
koon,-100,"'honkie',",-10
kotex,-100,"'niglet',",-10
krap,-100,"'niglets',",-10
krappy,-100,"'gyppo',",-10
kum,-100,"'gyppos',",-10
kumbubble,-100,"'dyke',",-10
kumbullbe,-100,"'dykes',",-10
kummer,-100,"'half breed',",-10
kumming,-100,"'honky',",-10
kumquat,-100,"'race traitor',",-10
kums,-100,"'race traitors',",-10
kunilingus,-100,"'jiggaboo',",-10
kunnilingus,-100,"'jiggaboos',",-10
kunt,-100,"'Chinaman',",-10
ky,-100,"'Chinamans',",-10
lactate,-100,"'curry muncher',",-10
laid,-100,"'curry munchers',",-10
lapdance,-100,"'jungle bunny',",-10
latin,-100,"'jungle bunnies',",-10
lesbain,-100,"'coon ass',",-10
lesbayn,-100,"'coon asses',",-10
lesbian,-100,"'newfie',",-10
lesbin,-100,"'newfies',",-10
lezbe,-100,"'house nigger',",-10
lezbefriends,-100,"'house niggers',",-10
lezz,-100,"'limey',",-10
lezzo,-100,"'limies',",-10
liberal,-100,"'red bone',",-10
libido,-100,"'red bones',",-10
licker,-100,"'guala',",-10
lickme,-100,"'gualas',",-10
lies,-100,"'plastic paddy',",-10
limey,-100,"'plastic paddies',",-10
limpdick,-100,"'whigger',",-10
limy,-100,"'whiggers',",-10
lingerie,-100,"'jigaboo',",-10
liquor,-100,"'jigaboos',",-10
livesex,-100,"'nig',",-10
loadedgun,-100,"'nigs',",-10
lolita,-100,"'Zionazi',",-10
looser,-100,"'Zionazis',",-10
loser,-100,"'spear chucker',",-10
lotion,-100,"'spear chuckers',",-10
lovebone,-100,"'niggress',",-10
lovegoo,-100,"'niggresses',",-10
lovegun,-100,"'yobbo',",-10
lovejuice,-100,"'yobbos',",-10
lovemuscle,-100,"'border jumper',",-10
lovepistol,-100,"'border jumpers',",-10
loverocket,-100,"'sperg',",-10
lowlife,-100,"'spergs',",-10
lsd,-100,"'pommy',",-10
lubejob,-100,"'pommies',",-10
lucifer,-100,"'munter',",-10
luckycammeltoe,-100,"'munters',",-10
lugan,-100,"'tar baby',",-10
lynch,-100,"'tar babies',",-10
macaca,-100,"'pommie',",-10
mad,-100,"'gyp',",-10
mafia,-100,"'gyps',",-10
magicwand,-100,"'anchor baby',",-10
manhater,-100,"'anchor babies',",-10
manpaste,-100,"'twat',",-10
marijuana,-100,"'twats',",-10
mastabate,-100,"'border hopper',",-10
mastabater,-100,"'border hoppers',",-10
masterblaster,-100,"'queer',",-10
mastrabator,-100,"'queers',",-10
mattressprincess,-100,"'darky',",-10
meatbeatter,-100,"'ching chong',",-10
meatrack,-100,"'ching chongs',",-10
mexican,-100,"'khazar',",-10
mgger,-100,"'khazars',",-10
mggor,-100,"'gippo',",-10
mickeyfinn,-100,"'gippos',",-10
mideast,-100,"'skanger',",-10
milf,-100,"'skangers',",-10
minority,-100,"'beaner',",-10
mockey,-100,"'beaners',",-10
mockie,-100,"'quadroon',",-10
mocky,-100,"'quadroons',",-10
moky,-100,"'gator bait',",-10
moles,-100,"'gator baits',",-10
molestation,-100,"'Cushite',",-10
molester,-100,"'Cushites',",-10
molestor,-100,"'mud shark',",-10
moneyshot,-100,"'mud sharks',",-10
mooncricket,-100,"'cracker',",-10
mormon,-100,"'crackers',",-10
moslem,-100,"'dune coon',",-10
mosshead,-100,"'dune coons',",-10
mothafuck,-100,"'pickaninny',",-10
mothafucka,-100,"'pickaninnies',",-10
mothafuckaz,-100,"'slant eye',",-10
mothafucked,-100,"'slant eyes',",-10
mothafucker,-100,"'sideways vagina',",-10
mothafuckin,-100,"'sideways vaginas',",-10
mothafucking,-100,"'hick',",-10
mothafuckings,-100,"'hicks',",-10
motherfuck,-100,"'camel fucker',",-10
motherfucked,-100,"'camel fuckers',",-10
motherfuckin,-100,"'redneck',",-10
motherfuckings,-100,"'rednecks',",-10
motherlovebone,-100,"'spiv',",-10
muffdive,-100,"'spivs',",-10
muffindiver,-100,"'zipperhead',",-10
mufflikcer,-100,"'zipperheads',",-10
mulatto,-100,"'Kushite',",-10
muncher,-100,"'Kushites',",-10
munt,-100,"'Shylock',",-10
murderer,-100,"'Shylocks',",-10
muslim,-100,"'gook',",-10
narcotic,-100,"'gooks',",-10
nasty,-100,"'papist',",-10
nastybitch,-100,"'papists',",-10
nastyho,-100,"'hymie',",-10
nastyslut,-100,"'hymies',",-10
nastywhore,-100,"'wog',",-10
necro,-100,"'wogs',",-10
negroes,-100,"'scally',",-10
negroid,-100,"'scallies',",-10
negro's,-100,"'coon',",-10
nig,-100,"'coons',",-10
niger,-100,"'whitey',",-10
nigerian,-100,"'whities',",-10
nigerians,-100,"'nigette',",-10
nigg,-100,"'nigettes',",-10
niggaracci,-100,"'paki',",-10
niggard,-100,"'pakis',",-10
niggarded,-100,"'towel head',",-10
niggarding,-100,"'towel heads',",-10
niggardliness,-100,"'Argie',",-10
niggardliness's,-100,"'Argies',",-10
niggardly,-100,"'wexican',",-10
niggards,-100,"'wexicans',",-10
niggard's,-100,"'jigger',",-10
niggerhead,-100,"'jiggers',",-10
niggerhole,-100,"'injun',",-10
nigger's,-100,"'injuns',",-10
niggled,-100,"'ocker',",-10
niggles,-100,"'ockers',",-10
niggling,-100,"'polack',",-10
nigglings,-100,"'polacks',",-10
niggor,-100,"'moulie',",-10
niggur,-100,"'moulies',",-10
nignog,-100,"'niggor',",-10
nigr,-100,"'niggors',",-10
nigra,-100,"'scanger',",-10
nigre,-100,"'scangers',",-10
nip,-100,"'ofay',",-10
nipplering,-100,"'ofaies',",-10
nittit,-100,"'jigga',",-10
nlgger,-100,"'jiggas',",-10
nlggor,-100,"'redskin',",-10
nofuckingway,-100,"'redskins',",-10
nook,-100,"'chonky',",-10
nookey,-100,"'chonkies',",-10
nookie,-100,"'hebro',",-10
noonan,-100,"'hebros',",-10
nooner,-100,"'wop',",-10
nude,-100,"'wops',",-10
nudger,-100,"'chink',",-10
nuke,-100,"'chinks',",-10
nutfucker,-100,"'sideways pussy',",-10
nymph,-100,"'sideways pussies',",-10
ontherag,-100,"'paleface',",-10
orga,-100,"'palefaces',",-10
orgasim,-100,"'wagon burner',",-10
osama,-100,"'wagon burners',",-10
palesimian,-100,"'nigra',",-10
palestinian,-100,"'nigras',",-10
pansies,-100,"'spic',",-10
pansy,-100,"'spics',",-10
panti,-100,"'jocky',",-10
payo,-100,"'jockies',",-10
pearlnecklace,-100,"'kraut',",-10
peck,-100,"'krauts',",-10
peckerwood,-100,"'steek',",-10
peehole,-100,"'steeks',",-10
pee-pee,-100,"'coolie',",-10
peepshow,-100,"'coolies',",-10
peepshpw,-100,"'gooky',",-10
pendy,-100,"'gookies',",-10
peni5,-100,"'octaroon',",-10
penises,-100,"'octaroons',",-10
penthouse,-100,"'bint',",-10
period,-100,"'bints',",-10
perv,-100,"'shit heel',",-10
phonesex,-100,"'shit heels',",-10
phuk,-100,"'squaw',",-10
phuked,-100,"'squaws',",-10
phuking,-100,"'bog trotter',",-10
phukked,-100,"'bog trotters',",-10
phukking,-100,"'Oriental',",-10
phungky,-100,"'Orientals',",-10
phuq,-100,"'halfrican',",-10
pi55,-100,"'halfricans',",-10
picaninny,-100,"'paddy',",-10
piccaninny,-100,"'paddies',",-10
pickaninny,-100,"'groid',",-10
piker,-100,"'groids',",-10
pikey,-100,"'jiggabo',",-10
piky,-100,"'jiggabos',",-10
pimped,-100,"'jigg',",-10
pimper,-100,"'jiggs',",-10
pimpjuic,-100,"'jant',",-10
pimpjuice,-100,"'jants',",-10
pimpsimp,-100,"'spide',",-10
pindick,-100,"'spides',",-10
pisser,-100,"'camel humper',",-10
pisses,-100,"'camel humpers',",-10
pisshead,-100,"'white nigger',",-10
pissin,-100,"'white niggers',",-10
pissing,-100,"'ZOG',",-10
pistol,-100,"'ZOGs',",-10
pixie,-100,"'diaper head',",-10
pixy,-100,"'diaper heads',",-10
playboy,-100,"'heeb',",-10
playgirl,-100,"'heebs',",-10
pocha,-100,"'Christ killer',",-10
pocho,-100,"'Christ killers',",-10
pocketpool,-100,"'piker',",-10
pohm,-100,"'pikers',",-10
pom,-100,"'higger',",-10
pommie,-100,"'higgers',",-10
pommy,-100,"'lemonhead',",-10
poo,-100,"'lemonheads',",-10
poop,-100,"'Hun',",-10
pooper,-100,"'Huns',",-10
pooperscooper,-100,"'popolo',",-10
pooping,-100,"'popolos',",-10
poorwhitetrash,-100,"'cowboy killer',",-10
popimp,-100,"'cowboy killers',",-10
porchmonkey,-100,"'jhant',",-10
pornflick,-100,"'jhants',",-10
pornking,-100,"'eyetie',",-10
pornprincess,-100,"'eyeties',",-10
poverty,-100,"'mockey',",-10
premature,-100,"'mockies',",-10
pric,-100,"'alligator bait',",-10
prickhead,-100,"'alligator baits',",-10
primetime,-100,"'Jap',",-10
propaganda,-100,"'Japs',",-10
pros,-100,"'shanty Irish',",-10
protestant,-100,"'shanty Irishes',",-10
pu55i,-100,"'redlegs',",-10
pu55y,-100,"'mulignan',",-10
pubiclice,-100,"'mulignans',",-10
pud,-100,"'jockie',",-10
pudboy,-100,"'mangia cake',",-10
pudd,-100,"'mangia cakes',",-10
puddboy,-100,"'moulinyan',",-10
puke,-100,"'moulinyans',",-10
puntang,-100,"'nigar',",-10
purinapricness,-100,"'nigars',",-10
pussie,-100,"'darkey',",-10
pussycat,-100,"'gurrier',",-10
pussyeater,-100,"'gurriers',",-10
pussyfucker,-100,"'lubra',",-10
pussylicker,-100,"'lubras',",-10
pussylips,-100,"'Buckwheat',",-10
pussylover,-100,"'Buckwheats',",-10
pusy,-100,"'mulato',",-10
quashie,-100,"'mulatos',",-10
quickie,-100,"'prairie nigger',",-10
ra8s,-100,"'prairie niggers',",-10
rabbi,-100,"'kyke',",-10
racial,-100,"'kykes',",-10
racist,-100,"'boonie',",-10
radical,-100,"'boonies',",-10
radicals,-100,"'mick',",-10
raghead,-100,"'micks',",-10
randy,-100,"'bluegum',",-10
rearend,-100,"'bluegums',",-10
rearentry,-100,"'spigger',",-10
redlight,-100,"'spiggers',",-10
redneck,-100,"'border bunny',",-10
reestie,-100,"'border bunnies',",-10
refugee,-100,"'kike',",-10
reject,-100,"'kikes',",-10
remains,-100,"'moulignon',",-10
rentafuck,-100,"'moulignons',",-10
republican,-100,"'roundeye',",-10
rere,-100,"'roundeyes',",-10
ribbed,-100,"'ginzo',",-10
rigger,-100,"'ginzos',",-10
rimming,-100,"'Jewbacca',",-10
roach,-100,"'Jewbaccas',",-10
robber,-100,"'booner',",-10
roundeye,-100,"'booners',",-10
russki,-100,"'nigre',",-10
russkie,-100,"'nigres',",-10
sadis,-100,"'scallie',",-10
sadom,-100,"'niger',",-10
samckdaddy,-100,"'nigers',",-10
sandm,-100,"'dinge',",-10
sandnigger,-100,"'dinges',",-10
satan,-100,"'Leb',",-10
scallywag,-100,"'Lebs',",-10
scat,-100,"'Lebbo',",-10
screwyou,-100,"'Lebbos',",-10
seppo,-100,"'sambo',",-10
servant,-100,"'sambos',",-10
sexed,-100,"'Africoon',",-10
sexfarm,-100,"'Africoons',",-10
sexhound,-100,"'ling ling',",-10
sexhouse,-100,"'ling lings',",-10
sexing,-100,"'gub',",-10
sexkitten,-100,"'gubs',",-10
sexpot,-100,"'banana bender',",-10
sexslave,-100,"'banana benders',",-10
sextogo,-100,"'japie',",-10
sextoy,-100,"'japies',",-10
sextoys,-100,"'island nigger',",-10
sexually,-100,"'island niggers',",-10
sexwhore,-100,"'hairyback',",-10
sexy,-100,"'hairybacks',",-10
sexymoma,-100,"'lugan',",-10
sexy-slim,-100,"'lugans',",-10
shag,-100,"'Bog Irish',",-10
shaggin,-100,"'Bog Irishes',",-10
shagging,-100,"'blaxican',",-10
shat,-100,"'blaxicans',",-10
shav,-100,"'moke',",-10
shawtypimp,-100,"'mokes',",-10
sheeney,-100,"'nigor',",-10
shhit,-100,"'nigors',",-10
shinola,-100,"'bix nood',",-10
shitcan,-100,"'bix noods',",-10
shitdick,-100,"'Kushi',",-10
shited,-100,"'Kushis',",-10
shitfaced,-100,"'guala guala',",-10
shitfit,-100,"'guala gualas',",-10
shitforbrains,-100,"'hoosier',",-10
shitfuck,-100,"'hoosiers',",-10
shitfucker,-100,"'thicklips',",-10
shitfull,-100,"'mook',",-10
shithapens,-100,"'mooks',",-10
shithappens,-100,"'muk',",-10
shiting,-100,"'muks',",-10
shitlist,-100,"'soup taker',",-10
shitola,-100,"'soup takers',",-10
shitoutofluck,-100,"'senga',",-10
shitstain,-100,"'sengas',",-10
shitting,-100,"'Cushi',",-10
shoot,-100,"'Cushis',",-10
shooting,-100,"'pogue',",-10
shortfuck,-100,"'pogues',",-10
showtime,-100,"'abo',",-10
sick,-100,"'abos',",-10
sixsixsix,-100,"'ping pang',",-10
sixtynine,-100,"'ping pangs',",-10
sixtyniner,-100,"'proddy dog',",-10
skankbitch,-100,"'proddy dogs',",-10
skankfuck,-100,"'boong',",-10
skankwhore,-100,"'boongs',",-10
skanky,-100,"'dago',",-10
skankybitch,-100,"'dagos',",-10
skankywhore,-100,"'dogun',",-10
skinflute,-100,"'doguns',",-10
skum,-100,"'mocky',",-10
skumbag,-100,"'poppadom',",-10
slant,-100,"'poppadoms',",-10
slanteye,-100,"'Gwat',",-10
slapper,-100,"'Gwats',",-10
slaughter,-100,"'ice nigger',",-10
slav,-100,"'ice niggers',",-10
slavedriver,-100,"'spook',",-10
sleezebag,-100,"'spooks',",-10
sleezeball,-100,"'Afro-Saxon',",-10
slideitin,-100,"'Afro-Saxons',",-10
slime,-100,"'guido',",-10
slimeball,-100,"'guidos',",-10
slimebucket,-100,"'latrino',",-10
slopehead,-100,"'latrinos',",-10
slopey,-100,"'lowlander',",-10
slopy,-100,"'lowlanders',",-10
slutt,-100,"'mockie',",-10
slutting,-100,"'moky',",-10
slutty,-100,"'mokies',",-10
slutwear,-100,"'mosshead',",-10
slutwhore,-100,"'mossheads',",-10
smack,-100,"'African catfish',",-10
smackthemonkey,-100,"'African catfishes',",-10
snatchpatch,-100,"'gyppy',",-10
snigger,-100,"'gyppies',",-10
sniggered,-100,"'timber nigger',",-10
sniggering,-100,"'timber niggers',",-10
sniggers,-100,"'Americoon',",-10
snigger's,-100,"'Americoons',",-10
snot,-100,"'camel cowboy',",-10
snowback,-100,"'camel cowboies',",-10
snownigger,-100,"'eh hole',",-10
sob,-100,"'eh holes',",-10
sodomise,-100,"'Hunyak',",-10
sodomite,-100,"'Hunyaks',",-10
sodomize,-100,"'slopehead',",-10
sodomy,-100,"'slopeheads',",-10
sonofabitch,-100,"'teabagger',",-10
sonofbitch,-100,"'teabaggers',",-10
sooty,-100,"'Armo',",-10
sos,-100,"'Armos',",-10
soviet,-100,"'bitch',",-10
spaghettibender,-100,"'bitches',",-10
spaghettinigger,-100,"'greaser',",-10
spank,-100,"'greasers',",-10
spankthemonkey,-100,"'Honyock',",-10
spermacide,-100,"'Honyocks',",-10
spermbag,-100,"'mud person',",-10
spermhearder,-100,"'mud persons',",-10
spermherder,-100,"'pineapple nigger',",-10
spig,-100,"'pineapple niggers',",-10
spigotty,-100,"'retarded',",-10
spit,-100,"'semihole',",-10
spitter,-100,"'semiholes',",-10
splittail,-100,"'Amo',",-10
spreadeagle,-100,"'Amos',",-10
spunky,-100,"'border nigger',",-10
squaw,-100,"'border niggers',",-10
stagg,-100,"'buckra',",-10
strapon,-100,"'buckras',",-10
stringer,-100,"'burrhead',",-10
stripclub,-100,"'burrheads',",-10
stroking,-100,"'cab nigger',",-10
stupidfuck,-100,"'cab niggers',",-10
stupidfucker,-100,"'carpet pilot',",-10
suckdick,-100,"'carpet pilots',",-10
sucker,-100,"'pancake face',",-10
suckme,-100,"'pancake faces',",-10
suckmyass,-100,"'spigotty',",-10
suckmydick,-100,"'spigotties',",-10
suckmytit,-100,"'carrot snapper',",-10
suckoff,-100,"'carrot snappers',",-10
suicide,-100,"'chili shitter',",-10
swallow,-100,"'chili shitters',",-10
swallower,-100,"'curry slurper',",-10
swalow,-100,"'curry slurpers',",-10
swastika,-100,"'ghetto hamster',",-10
sweetness,-100,"'ghetto hamsters',",-10
syphilis,-100,"'ice monkey',",-10
taboo,-100,"'ice monkies',",-10
taff,-100,"'roofucker',",-10
tang,-100,"'roofuckers',",-10
tantra,-100,"'Velcro head',",-10
tarbaby,-100,"'Velcro heads',",-10
terror,-100,"'wiggerette',",-10
terrorist,-100,"'wiggerettes',",-10
testicles,-100,"'beach nigger',",-10
thicklips,-100,"'beach niggers',",-10
thirdeye,-100,"'bean dipper',",-10
thirdleg,-100,"'bean dippers',",-10
threesome,-100,"'bog hopper',",-10
threeway,-100,"'bog hoppers',",-10
timbernigger,-100,"'Buddhahead',",-10
titbitnipply,-100,"'Buddhaheads',",-10
titfucker,-100,"'camel jacker',",-10
titfuckin,-100,"'camel jackers',",-10
titjob,-100,"'Caublasian',",-10
titlicker,-100,"'Caublasians',",-10
titlover,-100,"'cave nigger',",-10
tittie,-100,"'cave niggers',",-10
tnt,-100,"'cow kisser',",-10
toilet,-100,"'cow kissers',",-10
tongethruster,-100,"'dune nigger',",-10
tongue,-100,"'dune niggers',",-10
tonguethrust,-100,"'four by two',",-10
tonguetramp,-100,"'four by twos',",-10
tortur,-100,"'fresh off the boat',",-10
torture,-100,"'fresh off the boats',",-10
tosser,-100,"'gin jockey',",-10
towelhead,-100,"'gin jockies',",-10
trailertrash,-100,"'golliwog',",-10
trannie,-100,"'golliwogs',",-10
tranny,-100,"'guinea',",-10
transexual,-100,"'guineas',",-10
transvestite,-100,"'Jim Fish',",-10
triplex,-100,"'Jim Fishes',",-10
trisexual,-100,"'mackerel snapper',",-10
trojan,-100,"'mackerel snappers',",-10
trots,-100,"'octroon',",-10
tuckahoe,-100,"'octroons',",-10
tunneloflove,-100,"'pohm',",-10
turnon,-100,"'pohms',",-10
twink,-100,"'pussy',",-10
twinkie,-100,"'pussies',",-10
twobitwhore,-100,"'Russellite',",-10
uck,-100,"'Russellites',",-10
uk,-100,"'spice nigger',",-10
unfuckable,-100,"'spice niggers',",-10
upskirt,-100,"'uncivilized',",-10
uptheass,-100,"'Whipped',",-10
upthebutt,-100,"'albino',",-10
urinary,-100,"'albinos',",-10
urinate,-100,"'ape',",-10
usama,-100,"'apes',",-10
vaginal,-100,"'Aunt Jemima',",-10
vatican,-100,"'Aunt Jemimas',",-10
vibr,-100,"'buckethead',",-10
vibrater,-100,"'bucketheads',",-10
vibrator,-100,"'Chinese wetback',",-10
vietcong,-100,"'Chinese wetbacks',",-10
violence,-100,"'chug',",-10
virginbreaker,-100,"'chugs',",-10
wab,-100,"'curry stinker',",-10
wanking,-100,"'curry stinkers',",-10
waysted,-100,"'dyke jumper',",-10
weapon,-100,"'dyke jumpers',",-10
welcher,-100,"'eight ball',",-10
welfare,-100,"'eight balls',",-10
wetb,-100,"'gun burglar',",-10
wetspot,-100,"'gun burglars',",-10
whacker,-100,"'ikey mo',",-10
whash,-100,"'ikey mos',",-10
whigger,-100,"'lawn jockey',",-10
whiskey,-100,"'lawn jockies',",-10
whiskeydick,-100,"'leprechaun',",-10
whiskydick,-100,"'leprechauns',",-10
whit,-100,"'mutt',",-10
whitenigger,-100,"'mutts',",-10
whites,-100,"'negro',",-10
whitetrash,-100,"'negros',",-10
whop,-100,<8a><97><85>negroes<8a><97><c8>,-10
whorefucker,-100,"'nitchee',",-10
willie,-100,"'nitchees',",-10
williewanker,-100,"'sooty',",-10
willy,-100,"'sooties',",-10
wn,-100,"'spick',",-10
wog,-100,"'spicks',",-10
women's,-100,"'tinkard',",-10
wuss,-100,"'tinkards',",-10
wuzzie,-100,"'uncircumcised baboon',",-10
xtc,-100,"'uncircumcised baboons',",-10
yankee,-100,"'zigabo',",-10
yellowman,-100,"'zigabos',",-10
zigabo,-100,"'abbo',",-10
zipperhead,-100,"'abbos',",-10
4r5e,-100,"'Anglo',",-10
50 yard cunt punt<ca><ca><ca>,-100,"'Anglos',",-10
5h1t,-100,"'Aunt Jane',",-10
5hit,-100,"'Aunt Janes',",-10
a_s_s,-100,"'Aunt Mary',",-10
a2m,-100,"'Aunt Maries',",-10
anal impaler<ca><ca><ca>,-100,"'Aunt Sally',",-10
anal leakage<ca><ca><ca>,-100,"'Aunt Sallies',",-10
ar5e,-100,"'azn',",-10
arrse,-100,"'azns',",-10
ass fuck<ca><ca><ca>,-100,"'bamboo coon',",-10
ass-fucker,-100,"'bamboo coons',",-10
assfukka,-100,"'banana lander',",-10
ass-hole,-100,"'banana landers',",-10
assmucus<ca><ca><ca>,-100,"'banjo lips',",-10
asswhole,-100,"'bans and cans',",-10
autoerotic,-100,"'beaner shnitzel',",-10
b!tch,-100,"'beaner shnitzels',",-10
b00bs,-100,"'beaney',",-10
b17ch,-100,"'beanies',",-10
ballbag,-100,"'Bengali',",-10
bang (one's) box<ca><ca><ca>,-100,"'Bengalis',",-10
bangbros,-100,"'bhrempti',",-10
bareback,-100,"'bhremptis',",-10
beef curtain<ca><ca><ca>,-100,"'bird',",-10
bellend,-100,"'birds',",-10
bi+ch,-100,"'bitter clinger',",-10
bimbos,-100,"'bitter clingers',",-10
birdlock,-100,"'black Barbie',",-10
bitch tit<ca><ca><ca>,-100,"'black Barbies',",-10
bitchers,-100,"'black dago',",-10
bloody,-100,"'black dagos',",-10
blow me<ca><ca><ca>,-100,"'blockhead',",-10
blow mud<ca><ca><ca>,-100,"'blockheads',",-10
blue waffle<ca><ca><ca>,-100,"'bog jumper',",-10
blumpkin<ca><ca><ca>,-100,"'bog jumpers',",-10
boiolas,-100,"'boon',",-10
booobs,-100,"'boons',",-10
boooobs,-100,"'boonga',",-10
booooobs,-100,"'boongas',",-10
booooooobs,-100,"'Bounty bar',",-10
buceta,-100,"'Bounty bars',",-10
bum,-100,"'boxhead',",-10
bunny fucker,-100,"'boxheads',",-10
bust a load<ca><ca><ca>,-100,"'brass ankle',",-10
butt fuck<ca><ca><ca>,-100,"'brass ankles',",-10
butthole,-100,"'brownie',",-10
buttmuch,-100,"'brownies',",-10
c0cksucker,-100,"'buffie',",-10
carpet muncher,-100,"'buffies',",-10
choade<ca><ca><ca>,-100,"'bug eater',",-10
chota bags<ca><ca><ca>,-100,"'bug eaters',",-10
cipa,-100,"'buk buk',",-10
clit licker<ca><ca><ca>,-100,"'buk buks',",-10
clitty litter<ca><ca><ca>,-100,"'bumblebee',",-10
clusterfuck,-100,"'bumblebees',",-10
cnut,-100,"'bung',",-10
cock pocket<ca><ca><ca>,-100,"'bungs',",-10
cock snot<ca><ca><ca>,-100,"'bunga',",-10
cockface,-100,"'bungas',",-10
cockmunch,-100,"'butterhead',",-10
cockmuncher,-100,"'butterheads',",-10
cock-sucker,-100,"'can eater',",-10
cocksucks,-100,"'can eaters',",-10
cocksuka,-100,"'celestial',",-10
cocksukka,-100,"'celestials',",-10
cok,-100,"'Charlie',",-10
cokmuncher,-100,"'Charlies',",-10
coksucka,-100,"'chee chee',",-10
cop some wood<ca><ca><ca>,-100,"'chee chees',",-10
cornhole<ca><ca><ca>,-100,"'chi chi',",-10
corp whore<ca><ca><ca>,-100,"'chi chis',",-10
cox,-100,"'chigger',",-10
cum chugger<ca><ca><ca>,-100,"'chiggers',",-10
cum dumpster<ca><ca><ca>,-100,"'chinig',",-10
cum freak<ca><ca><ca>,-100,"'chinigs',",-10
cum guzzler<ca><ca><ca>,-100,"'chink a billy',",-10
cumdump<ca><ca><ca>,-100,"'chink a billies',",-10
cums,-100,"'chunky',",-10
cunt hair<ca><ca><ca>,-100,"'chunkies',",-10
cuntbag<ca><ca><ca>,-100,"'clam',",-10
cuntsicle<ca><ca><ca>,-100,"'clams',",-10
cunt-struck<ca><ca><ca>,-100,"'clamhead',",-10
cut rope<ca><ca><ca>,-100,"'clamheads',",-10
cyalis,-100,"'colored',",-10
cyberfuc,-100,"'coloured',",-10
cyberfuck,-100,"'crow',",-10
cyberfucked,-100,"'crows',",-10
cyberfucker,-100,"'dego',",-10
cyberfuckers,-100,"'degos',",-10
cyberfucking,-100,"'dink',",-10
dick hole<ca><ca><ca>,-100,"'dinks',",-10
dick shy<ca><ca><ca>,-100,"'dogan',",-10
dinks,-100,"'dogans',",-10
dirsa,-100,"'domes',",-10
dirty Sanchez<ca><ca><ca>,-100,"'dot head',",-10
dlck,-100,"'dot heads',",-10
dog-fucker,-100,"'eggplant',",-10
doggie style,-100,"'eggplants',",-10
doggin,-100,"'Fairy',",-10
dogging,-100,"'Fairies',",-10
donkeyribber,-100,"'fez',",-10
duche,-100,"'fezs',",-10
eat a dick<ca><ca><ca>,-100,"'FOB',",-10
eat hair pie<ca><ca><ca>,-100,"'FOBs',",-10
ejaculates,-100,"'fog nigger',",-10
ejaculatings,-100,"'fog niggers',",-10
ejakulate,-100,"'fuzzy',",-10
f u c k,-100,"'fuzzies',",-10
f u c k e r,-100,"'fuzzy wuzzy',",-10
f_u_c_k,-100,"'fuzzy wuzzies',",-10
f4nny,-100,"'gable',",-10
facial<ca><ca><ca>,-100,"'gables',",-10
faggitt,-100,"'Gerudo',",-10
faggs,-100,"'Gerudos',",-10
fagots,-100,"'gew',",-10
fanny,-100,"'gews',",-10
fannyflaps,-100,"'ghetto',",-10
fanyy,-100,"'ghettos',",-10
fcuk,-100,"'gipp',",-10
fcuker,-100,"'gipps',",-10
fcuking,-100,"'gook eye',",-10
feck,-100,"'gook eyes',",-10
fecker,-100,"'gyppie',",-10
fingerfucks,-100,"'heinie',",-10
fist fuck<ca><ca><ca>,-100,"'heinies',",-10
fistfuckers,-100,"'ho',",-10
fistfuckings,-100,"'hos',",-10
fistfucks,-100,"'hoe',",-10
flog the log<ca><ca><ca>,-100,"'hoes',",-10
fook,-100,"'Honyak',",-10
fooker,-100,"'Honyaks',",-10
fuck hole<ca><ca><ca>,-100,"'Hunkie',",-10
fuck puppet<ca><ca><ca>,-100,"'Hunkies',",-10
fuck trophy<ca><ca><ca>,-100,"'Hunky',",-10
fuck yo mama<ca><ca><ca>,-100,"'Hunyock',",-10
fuck<ca><ca><ca>,-100,"'Hunyocks',",-10
fuck-ass<ca><ca><ca>,-100,"'ike',",-10
fuck-bitch<ca><ca><ca>,-100,"'ikes',",-10
fuckheads,-100,"'ikey',",-10
fuckings,-100,"'ikies',",-10
fuckingshitmotherfucker,-100,"'iky',",-10
fuckmeat<ca><ca><ca>,-100,"'jig',",-10
fucktoy<ca><ca><ca>,-100,"'jigs',",-10
fuckwhit,-100,"'jigarooni',",-10
fudge packer,-100,"'jigaroonis',",-10
fuker,-100,"'jijjiboo',",-10
fukker,-100,"'jijjiboos',",-10
fukkin,-100,"'kotiya',",-10
fukwhit,-100,"'kotiyas',",-10
fukwit,-100,"'mickey',",-10
fux,-100,"'mickies',",-10
fux0r,-100,"'moch',",-10
gangbang<ca><ca><ca>,-100,"'moches',",-10
gang-bang<ca><ca><ca>,-100,"'mock',",-10
gangbangs,-100,"'mocks',",-10
gassy ass<ca><ca><ca>,-100,"'mong',",-10
gaylord,-100,"'mongs',",-10
god damn,-100,"'monkey',",-10
god-dam,-100,"'monkies',",-10
god-damned,-100,"'Moor',",-10
ham flap<ca><ca><ca>,-100,"'Moors',",-10
hardcoresex,-100,"'moss eater',",-10
heshe,-100,"'moss eaters',",-10
hoar,-100,"'moxy',",-10
hoare,-100,"'moxies',",-10
hoer,-100,"'muktuk',",-10
homoerotic,-100,"'muktuks',",-10
hotsex,-100,"'mung',",-10
how to kill,-100,"'mungs',",-10
how to murdep,-100,"'munt',",-10
jack-off,-100,"'munts',",-10
jerk-off,-100,"'ned',",-10
kawk,-100,"'net head',",-10
kinky Jesus<ca><ca><ca>,-100,"'net heads',",-10
knob,-100,"'nichi',",-10
knob end,-100,"'nichis',",-10
knobead,-100,"'nichiwa',",-10
knobed,-100,"'nichiwas',",-10
knobhead,-100,"'nidge',",-10
knobjocky,-100,"'nidges',",-10
knobjokey,-100,"'nip',",-10
kondums,-100,"'nips',",-10
kwif<ca><ca><ca>,-100,"'nitchie',",-10
l3i+ch,-100,"'nitchies',",-10
l3itch,-100,"'nitchy',",-10
LEN,-100,"'Orangie',",-10
lust,-100,"'Orangies',",-10
lusting,-100,"'Oreo',",-10
m0f0,-100,"'Oreos',",-10
m0fo,-100,"'papoose',",-10
m45terbate,-100,"'papooses',",-10
ma5terb8,-100,"'piky',",-10
ma5terbate,-100,"'pinto',",-10
mafugly<ca><ca><ca>,-100,"'pintos',",-10
masochist,-100,"'pointy head',",-10
masterb8,-100,"'pointy heads',",-10
masterbat*,-100,"'pollo',",-10
masterbat3,-100,"'pollos',",-10
master-bate,-100,"'pom',",-10
masterbations,-100,"'poms',",-10
mof0,-100,"'pommie grant',",-10
mo-fo,-100,"'pommie grants',",-10
mothafuckas,-100,"'Punjab',",-10
mothafuckers,-100,"'Punjabs',",-10
mothafucks,-100,"'rube',",-10
mother fucker,-100,"'rubes',",-10
mother fucker<ca><ca><ca>,-100,"'sawney',",-10
motherfuckers,-100,"'sawnies',",-10
motherfuckka,-100,"'scag',",-10
motherfucks,-100,"'scags',",-10
muff puff<ca><ca><ca>,-100,"'seppo',",-10
mutha,-100,"'seppos',",-10
muthafecker,-100,"'septic',",-10
muthafuckker,-100,"'septics',",-10
muther,-100,"'shant',",-10
n1gga,-100,"'shants',",-10
n1gger,-100,"'sheeny',",-10
need the dick<ca><ca><ca>,-100,"'sheenies',",-10
nigg3r,-100,"'sheepfucker',",-10
nigg4h,-100,"'sheepfuckers',",-10
nob,-100,"'Shelta',",-10
nob jokey,-100,"'Sheltas',",-10
nobhead,-100,"'shiner',",-10
nobjocky,-100,"'shiners',",-10
nobjokey,-100,"'shit kicker',",-10
numbnuts,-100,"'shit kickers',",-10
nut butter<ca><ca><ca>,-100,"'Shy',",-10
nutsack,-100,"'Shies',",-10
omg,-100,"'sideways cooter',",-10
orgasims,-100,"'sideways cooters',",-10
orgasms,-100,"'skag',",-10
p0rn,-100,"'skags',",-10
pawn,-100,"'Skippy',",-10
penisfucker,-100,"'Skippies',",-10
phuks,-100,"'slag',",-10
pigfucker,-100,"'slags',",-10
pimpis,-100,"'slant',",-10
pissers,-100,"'slants',",-10
pissflaps,-100,"'slit',",-10
pornos,-100,"'slits',",-10
pricks,-100,"'slope',",-10
pron,-100,"'slopes',",-10
pusse,-100,"'slopey',",-10
pussi,-100,"'slopies',",-10
pussy fart<ca><ca><ca>,-100,"'slopy',",-10
pussy palace<ca><ca><ca>,-100,"'smoke jumper',",-10
pussys,-100,"'smoke jumpers',",-10
queaf<ca><ca><ca>,-100,"'smoked Irish',",-10
rimjaw,-100,"'smoked Irishes',",-10
s hit,-100,"'smoked Irishman',",-10
s_h_i_t,-100,"'smoked Irishmans',",-10
sandbar<ca><ca><ca>,-100,"'sole',",-10
sausage queen<ca><ca><ca>,-100,"'soles',",-10
screwing,-100,"'spickaboo',",-10
scroat,-100,"'spickaboos',",-10
sh!+,-100,"'spig',",-10
sh!t,-100,"'spigs',",-10
shagger,-100,"'spik',",-10
shemale,-100,"'spiks',",-10
shi+,-100,"'spink',",-10
shit fucker<ca><ca><ca>,-100,"'spinks',",-10
shitey,-100,"'squarehead',",-10
shitings,-100,"'squareheads',",-10
shitters,-100,"'squinty',",-10
shittings,-100,"'squinties',",-10
slope<ca><ca><ca>,-100,"'stovepipe',",-10
slut bucket<ca><ca><ca>,-100,"'stovepipes',",-10
son-of-a-bitch,-100,"'sub human',",-10
spac,-100,"'sub humans',",-10
t1tt1e5,-100,"'sucker fish',",-10
t1tties,-100,"'sucker fishes',",-10
teets,-100,"'Taffy',",-10
teez,-100,"'Taffies',",-10
testical,-100,"'teapot',",-10
tit wank<ca><ca><ca>,-100,"'teapots',",-10
titt,-100,"'tenker',",-10
tittie5,-100,"'tenkers',",-10
tittywank,-100,"'tincker',",-10
titwank,-100,"'tinckers',",-10
tw4t,-100,"'tinkar',",-10
twathead,-100,"'tinkars',",-10
twatty,-100,"'tinker',",-10
twunt,-100,"'tinkers',",-10
twunter,-100,"'tinkere',",-10
v14gra,-100,"'tinkeres',",-10
v1gra,-100,"'trash',",-10
w00se,-100,"'trashes',",-10
wanky,-100,"'tree jumper',",-10
whoar,-100,"'tree jumpers',",-10
willies,-100,"'tunnel digger',",-10
xrated,-100,"'tunnel diggers',",-10
